{
  "hidden_layer_sizes": [
    32,
    32
  ],
  "alpha": 3.9782506586029486e-05,
  "learning_rate_init": 0.0007189857751186538,
  "late_val_logloss": 0.9674931863747701,
  "temperature": 1.7981914924959628
}