{
  "learning_rate": 0.008465083219770473,
  "max_depth": 2,
  "n_estimators": 352,
  "late_val_logloss": 0.9815758713586392
}