{
  "weights": {
    "base": 0.15000000000000002,
    "market": 1.0,
    "xgb": 0.0,
    "mlp": 0.25
  },
  "late_val_logloss": 0.9601000659813469
}